{
	"IcoMoonType": "selection",
	"icons": [
		{
			"icon": {
				"paths": [
					"M0 128v768h1024v-768h-1024zM192 832h-128v-128h128v128zM192 576h-128v-128h128v128zM192 320h-128v-128h128v128zM768 832h-512v-640h512v640zM960 832h-128v-128h128v128zM960 576h-128v-128h128v128zM960 320h-128v-128h128v128zM384 320v384l256-192z"
				],
				"attrs": [],
				"tags": [
					"film",
					"video",
					"movie",
					"tape",
					"play"
				],
				"grid": 16
			},
			"attrs": [],
			"properties": {
				"id": 128,
				"order": 6,
				"prevSize": 32,
				"ligatures": "film, video2",
				"name": "film"
			},
			"setIdx": 0,
			"setId": 0,
			"iconIdx": 19
		},
		{
			"icon": {
				"paths": [
					"M384 288c0-88.366 71.634-160 160-160s160 71.634 160 160c0 88.366-71.634 160-160 160s-160-71.634-160-160zM0 288c0-88.366 71.634-160 160-160s160 71.634 160 160c0 88.366-71.634 160-160 160s-160-71.634-160-160zM768 608v-96c0-35.2-28.8-64-64-64h-640c-35.2 0-64 28.8-64 64v320c0 35.2 28.8 64 64 64h640c35.2 0 64-28.8 64-64v-96l256 160v-448l-256 160zM640 768h-512v-192h512v192z"
				],
				"attrs": [],
				"tags": [
					"video-camera",
					"video",
					"media",
					"film",
					"movie"
				],
				"grid": 16
			},
			"attrs": [],
			"properties": {
				"id": 129,
				"order": 5,
				"prevSize": 32,
				"ligatures": "video-camera, video3",
				"name": "video-camera"
			},
			"setIdx": 0,
			"setId": 0,
			"iconIdx": 20
		},
		{
			"icon": {
				"paths": [
					"M1024 960v-64h-64v-384h64v-64h-192v64h64v384h-192v-384h64v-64h-192v64h64v384h-192v-384h64v-64h-192v64h64v384h-192v-384h64v-64h-192v64h64v384h-64v64h-64v64h1088v-64h-64z",
					"M512 0h64l512 320v64h-1088v-64l512-320z"
				],
				"width": 1088,
				"attrs": [],
				"tags": [
					"library",
					"bank",
					"building"
				],
				"grid": 16
			},
			"attrs": [],
			"properties": {
				"id": 174,
				"order": 4,
				"prevSize": 32,
				"ligatures": "library2, bank",
				"name": "library"
			},
			"setIdx": 0,
			"setId": 0,
			"iconIdx": 33
		},
		{
			"icon": {
				"paths": [
					"M544.010 1024.004c-2.296 0-4.622-0.25-6.94-0.764-14.648-3.25-25.070-16.238-25.070-31.24v-480h-480c-15.002 0-27.992-10.422-31.24-25.070-3.25-14.646 4.114-29.584 17.708-35.928l960-448c12.196-5.688 26.644-3.144 36.16 6.372 9.516 9.514 12.060 23.966 6.372 36.16l-448 960c-5.342 11.44-16.772 18.47-28.99 18.47zM176.242 448h367.758c17.674 0 32 14.328 32 32v367.758l349.79-749.546-749.548 349.788z"
				],
				"attrs": [],
				"tags": [
					"compass",
					"direction",
					"location"
				],
				"grid": 16
			},
			"attrs": [],
			"properties": {
				"order": 7,
				"id": 1524,
				"prevSize": 32,
				"ligatures": "compass, direction",
				"name": "compass"
			},
			"setIdx": 0,
			"setId": 0,
			"iconIdx": 73
		},
		{
			"icon": {
				"paths": [
					"M768 639.968l-182.82-182.822 438.82-329.15-128.010-127.996-548.52 219.442-172.7-172.706c-49.78-49.778-119.302-61.706-154.502-26.508-35.198 35.198-23.268 104.726 26.51 154.5l172.686 172.684-219.464 548.582 127.99 128.006 329.19-438.868 182.826 182.828v255.98h127.994l63.992-191.988 191.988-63.996v-127.992l-255.98 0.004z"
				],
				"attrs": [],
				"tags": [
					"airplane",
					"travel",
					"flight",
					"plane",
					"transport",
					"fly",
					"vacation"
				],
				"grid": 16
			},
			"attrs": [],
			"properties": {
				"id": 692,
				"order": 10,
				"prevSize": 32,
				"ligatures": "airplane, travel",
				"name": "airplane"
			},
			"setIdx": 0,
			"setId": 0,
			"iconIdx": 175
		},
		{
			"icon": {
				"paths": [
					"M704 1024h320l-256-1024h-192l32 256h-192l32-256h-192l-256 1024h320l32-256h320l32 256zM368 640l32-256h224l32 256h-288z"
				],
				"attrs": [],
				"tags": [
					"road",
					"asphalt",
					"travel"
				],
				"grid": 16
			},
			"attrs": [],
			"properties": {
				"id": 700,
				"order": 9,
				"prevSize": 32,
				"ligatures": "road, asphalt",
				"name": "road"
			},
			"setIdx": 0,
			"setId": 0,
			"iconIdx": 177
		},
		{
			"icon": {
				"paths": [
					"M512 0c-282.77 0-512 229.23-512 512s229.23 512 512 512 512-229.23 512-512-229.23-512-512-512zM512 960.002c-62.958 0-122.872-13.012-177.23-36.452l233.148-262.29c5.206-5.858 8.082-13.422 8.082-21.26v-96c0-17.674-14.326-32-32-32-112.99 0-232.204-117.462-233.374-118.626-6-6.002-14.14-9.374-22.626-9.374h-128c-17.672 0-32 14.328-32 32v192c0 12.122 6.848 23.202 17.69 28.622l110.31 55.156v187.886c-116.052-80.956-192-215.432-192-367.664 0-68.714 15.49-133.806 43.138-192h116.862c8.488 0 16.626-3.372 22.628-9.372l128-128c6-6.002 9.372-14.14 9.372-22.628v-77.412c40.562-12.074 83.518-18.588 128-18.588 70.406 0 137.004 16.26 196.282 45.2-4.144 3.502-8.176 7.164-12.046 11.036-36.266 36.264-56.236 84.478-56.236 135.764s19.97 99.5 56.236 135.764c36.434 36.432 85.218 56.264 135.634 56.26 3.166 0 6.342-0.080 9.518-0.236 13.814 51.802 38.752 186.656-8.404 372.334-0.444 1.744-0.696 3.488-0.842 5.224-81.324 83.080-194.7 134.656-320.142 134.656z"
				],
				"attrs": [],
				"tags": [
					"earth",
					"globe",
					"language",
					"web",
					"internet",
					"sphere",
					"planet"
				],
				"grid": 16
			},
			"attrs": [],
			"properties": {
				"order": 8,
				"id": 1423,
				"prevSize": 32,
				"ligatures": "earth, globe2",
				"name": "earth"
			},
			"setIdx": 0,
			"setId": 0,
			"iconIdx": 202
		}
	],
	"height": 1024,
	"preferences": {
		"showGlyphs": true,
		"showQuickUse": true,
		"showQuickUse2": true,
		"showSVGs": true,
		"fontPref": {
			"prefix": "icon-",
			"metadata": {},
			"metrics": {
				"emSize": 1024,
				"baseline": 6.25,
				"whitespace": 50
			}
		},
		"imagePref": {
			"prefix": "icon-",
			"png": true,
			"useClassSelector": true,
			"color": 4473924,
			"bgColor": 16777215,
			"classSelector": ".icon"
		},
		"historySize": 100,
		"showCodes": false
	}
}